<?xml version="1.0" encoding="UTF-8" standalone="yes"?>
<addon id="context.elementum" name="Elementum Context Helper" version="0.0.1" provider-name="elgatito">
    <requires>
        <import addon="xbmc.python" version="2.23.0"/>
        <import addon="script.module.requests"/>
        <import addon="plugin.video.elementum" optional="true"/>
    </requires>
    <extension point="kodi.context.item">
      <menu id="kodi.core.main">
          <label>My submenu</label>
          <item library="context_play.py">
            <label>32000</label>
            <visible>StringCompare(ListItem.dbtype,movie) | StringCompare(ListItem.dbtype,episode)</visible>
          </item>
          <!-- <item library="context_menu.py">
            <label>32001</label>
            <visible>StringCompare(ListItem.dbtype,movie) | StringCompare(ListItem.dbtype,tvshow) | StringCompare(ListItem.dbtype,season) | StringCompare(ListItem.dbtype,episode)</visible>
          </menu> -->
    </menu>
    </extension>
    <extension point="kodi.addon.metadata">
        <summary lang="en">Elementum Context Menu</summary>
        <description lang="en">Context Menu for Elementum.</description>
        <disclaimer lang="en">The author does not host or distribute any of the content displayed by this addon. The author does not have any affiliation with the content providers.
        </disclaimer>
        <license>WTFPL, Version 2, December 2004. See included LICENSE.</license>
        <website>https://elementum.surge.sh</website>
        <source>https://github.com/elgatito/context.elementum</source>
        <forum></forum>
    </extension>
</addon>
